gene,variant,evidence_type,evidence_level,significance,disease,therapies,source
ATRX,Deletion,PREDICTIVE,D,SENSITIVITYRESPONSE,Cancer,"Fluorouracil, Cisplatin",DRIVER
ATRX,Mutation,DIAGNOSTIC,B,POSITIVE,Malignant Astrocytoma,,DRIVER
ATRX,Underexpression,PROGNOSTIC,D,POOR_OUTCOME,Glioblastoma,,DRIVER
ATRX,Underexpression,PROGNOSTIC,B,POOR_OUTCOME,Childhood Low-grade Glioma,,DRIVER
ATRX,Underexpression,PREDICTIVE,B,SENSITIVITYRESPONSE,Malignant Astrocytoma,"Temozolomide, PCV Regimen",DRIVER
B2M,S14FS,PREDICTIVE,C,RESISTANCE,Skin Melanoma,Pembrolizumab,SURFACE
CALR,EXON 9 FRAMESHIFT,PROGNOSTIC,A,BETTER_OUTCOME,Myelofibrosis,,SURFACE
CALR,EXON 9 FRAMESHIFT,PROGNOSTIC,B,BETTER_OUTCOME,Myelofibrosis,,SURFACE
CALR,EXON 9 FRAMESHIFT,PREDICTIVE,B,SENSITIVITYRESPONSE,Essential Thrombocythemia,Peginterferon Alfa-2a,SURFACE
CALR,Mutation,DIAGNOSTIC,A,POSITIVE,Essential Thrombocythemia,,SURFACE
CDKN2A,Deletion,PROGNOSTIC,B,POOR_OUTCOME,Childhood Low-grade Glioma,,DRIVER
CDKN2A,Loss,PREDICTIVE,D,SENSITIVITYRESPONSE,Ovarian Cancer,Palbociclib,DRIVER
CDKN2A,Loss,PREDICTIVE,D,SENSITIVITYRESPONSE,Skin Melanoma,Palbociclib,DRIVER
CDKN2A,Loss,PREDICTIVE,D,SENSITIVITYRESPONSE,Renal Cell Carcinoma,Palbociclib,DRIVER
CDKN2A,Loss,PREDICTIVE,D,SENSITIVITYRESPONSE,Skin Melanoma,Alvocidib,DRIVER
CDKN2A,Loss,PREDICTIVE,C,SENSITIVITYRESPONSE,Her2-receptor Negative Breast Cancer,"Letrozole, Palbociclib",DRIVER
CDKN2A,Loss,PREDICTIVE,D,SENSITIVITYRESPONSE,Ewing Sarcoma,"Palbociclib, Linsitinib",DRIVER
CDKN2A,Loss,PREDICTIVE,D,SENSITIVITYRESPONSE,Dermatofibrosarcoma Protuberans,Palbociclib,DRIVER
CDKN2A,Loss,PROGNOSTIC,B,POOR_OUTCOME,Acute Lymphoblastic Leukemia,,DRIVER
CDKN2A,Loss,PREDICTIVE,B,RESISTANCE,Lung Non-small Cell Carcinoma,Palbociclib,DRIVER
CDKN2A,Loss,PREDICTIVE,B,RESISTANCE,Bladder Urothelial Carcinoma,Immune Checkpoint Inhibitor,DRIVER
CDKN2A,Mutation,PREDICTIVE,B,SENSITIVITYRESPONSE,Cholangiocarcinoma,Palbociclib,DRIVER
CDKN2A,Mutation,PREDICTIVE,B,SENSITIVITYRESPONSE,Pancreatic Cancer,Palbociclib,DRIVER
CDKN2A,Promoter Hypermethylation,PROGNOSTIC,B,POOR_OUTCOME,Lung Non-small Cell Carcinoma,,DRIVER
CDKN2A,Promoter Hypermethylation,PROGNOSTIC,B,POOR_OUTCOME,Lung Non-small Cell Carcinoma,,DRIVER
CDKN2A,RS3814960,PROGNOSTIC,B,POOR_OUTCOME,Esophagus Squamous Cell Carcinoma,,DRIVER
CDKN2A,c.151-1G>C,PREDISPOSING,C,PREDISPOSITION,Melanoma,,DRIVER
CDKN2A,p16 Expression,PREDICTIVE,B,SENSITIVITYRESPONSE,Head And Neck Squamous Cell Carcinoma,Panitumumab,DRIVER
CDKN2A,p16 Expression,PREDICTIVE,B,RESISTANCE,Oropharynx Cancer,Cetuximab,DRIVER
CDKN2A,p16 Expression,PROGNOSTIC,B,BETTER_OUTCOME,Head And Neck Squamous Cell Carcinoma,,DRIVER
CDKN2A,p16 Expression,PREDICTIVE,B,RESISTANCE,Head And Neck Squamous Cell Carcinoma,Panitumumab,DRIVER
CDKN2A,p16 Expression,PREDICTIVE,B,RESISTANCE,Head And Neck Squamous Cell Carcinoma,Cetuximab,DRIVER
CDKN2A,p16 Expression,PROGNOSTIC,A,BETTER_OUTCOME,Oropharynx Cancer,,DRIVER
CDKN2A,p16 Expression,PROGNOSTIC,B,POOR_OUTCOME,Lung Non-small Cell Carcinoma,,DRIVER
CDKN2A,p16 Expression,PREDICTIVE,B,RESISTANCE,Head And Neck Squamous Cell Carcinoma,Afatinib,DRIVER
CDKN2A,p16 Expression,PROGNOSTIC,B,BETTER_OUTCOME,Head And Neck Squamous Cell Carcinoma,,DRIVER
CDKN2A,p16 Expression,PREDICTIVE,B,RESISTANCE,Head And Neck Squamous Cell Carcinoma,Epidermal Growth Factor Receptor Tyrosine Kinase Inhibitor,DRIVER
CTNNB1,Activating Mutation,PREDICTIVE,D,RESISTANCE,Melanoma,"Anti-CTLA-4 Monoclonal Antibody, Anti-PD-L1 Monoclonal Antibody",SURFACE
CTNNB1,Exon 3 Mutation,DIAGNOSTIC,B,POSITIVE,Childhood Medulloblastoma,,SURFACE
CTNNB1,Exon 3 Mutation,DIAGNOSTIC,B,POSITIVE,Childhood Medulloblastoma,,SURFACE
CTNNB1,Exon 3 Mutation,PROGNOSTIC,B,POOR_OUTCOME,Desmoid Tumor,,SURFACE
CTNNB1,S45F,DIAGNOSTIC,B,POSITIVE,Desmoid Tumor,,SURFACE
CTNNB1,S45F,PREDICTIVE,C,SENSITIVITYRESPONSE,Desmoid Tumor,Meloxicam,SURFACE
CTNNB1,S45F,DIAGNOSTIC,B,POSITIVE,Desmoid Tumor,,SURFACE
CTNNB1,S45F,PROGNOSTIC,B,POOR_OUTCOME,Desmoid Tumor,,SURFACE
CTNNB1,S45F,PROGNOSTIC,B,POOR_OUTCOME,Desmoid Tumor,,SURFACE
CTNNB1,S45P,DIAGNOSTIC,B,POSITIVE,Desmoid Tumor,,SURFACE
CTNNB1,S45P,DIAGNOSTIC,B,POSITIVE,Desmoid Tumor,,SURFACE
CTNNB1,S45P,PROGNOSTIC,B,BETTER_OUTCOME,Desmoid Tumor,,SURFACE
CTNNB1,T41A,DIAGNOSTIC,B,POSITIVE,Desmoid Tumor,,SURFACE
CTNNB1,T41A,DIAGNOSTIC,B,POSITIVE,Desmoid Tumor,,SURFACE
CTNNB1,T41A,PROGNOSTIC,B,BETTER_OUTCOME,Desmoid Tumor,,SURFACE
GNAS,R201,PROGNOSTIC,B,POOR_OUTCOME,Pseudomyxoma Peritonei,,SURFACE
GNAS,R201H,PREDICTIVE,C,SENSITIVITYRESPONSE,Follicular Thyroid Carcinoma,Radioactive Iodine,SURFACE
GNAS,c.393T>C,PREDICTIVE,B,RESISTANCE,Esophageal Cancer,"Cisplatin, Fluorouracil",SURFACE
GNAS,c.393T>C,PROGNOSTIC,B,BETTER_OUTCOME,Clear Cell Renal Cell Carcinoma,,SURFACE
GNAS,c.393T>C,PROGNOSTIC,B,BETTER_OUTCOME,Chronic Lymphocytic Leukemia,,SURFACE
GNAS,c.393T>C,PROGNOSTIC,B,BETTER_OUTCOME,Colorectal Cancer,,SURFACE
GNAS,c.393T>C,PREDICTIVE,B,RESISTANCE,Lung Non-small Cell Carcinoma,"Gefitinib, Erlotinib",SURFACE
GNAS,c.393T>C,PROGNOSTIC,B,POOR_OUTCOME,Breast Carcinoma,,SURFACE
GNAS,c.393T>C,PROGNOSTIC,B,POOR_OUTCOME,Intrahepatic Cholangiocarcinoma,,SURFACE
GNAS,c.393T>C,PROGNOSTIC,B,POOR_OUTCOME,Melanoma,,SURFACE
GNAS,c.393T>C,PROGNOSTIC,B,POOR_OUTCOME,Bladder Urothelial Carcinoma,,SURFACE
HLA-DRA,EXPRESSION,PREDICTIVE,B,SENSITIVITYRESPONSE,Skin Melanoma,"Nivolumab, Pembrolizumab, Atezolizumab",SURFACE
HSPA5,EXPRESSION,PREDICTIVE,B,SENSITIVITYRESPONSE,Colorectal Cancer,Fluorouracil,SURFACE
IFNGR1,Loss,PREDICTIVE,D,RESISTANCE,Melanoma,Ipilimumab,SURFACE
IGF1R,EXPRESSION,PREDICTIVE,D,RESISTANCE,Lung Non-small Cell Carcinoma,Gefitinib,SURFACE
IGF1R,NUCLEAR EXPRESSION,PREDICTIVE,B,SENSITIVITYRESPONSE,Sarcoma,IGF1R Monoclonal Antibody,SURFACE
IGF1R,Overexpression,PREDICTIVE,B,SENSITIVITYRESPONSE,Breast Cancer,"Exemestane, Metformin",SURFACE
MDM2,EXPRESSION,PROGNOSTIC,B,POOR_OUTCOME,Malignant Pleural Mesothelioma,,DRIVER
MDM2,EXPRESSION,PREDICTIVE,B,RESISTANCE,Malignant Pleural Mesothelioma,"Pemetrexed, Cisplatin",DRIVER
MDM2,RS34886328,PROGNOSTIC,B,BETTER_OUTCOME,Esophagus Squamous Cell Carcinoma,,DRIVER
MDM2,SNP309,PROGNOSTIC,B,POOR_OUTCOME,Head And Neck Cancer,,DRIVER
MERTK,OVEREXPRESSION,PREDICTIVE,D,SENSITIVITYRESPONSE,Melanoma,UNC1062,SURFACE
MYC,Overexpression,PREDICTIVE,D,SENSITIVITYRESPONSE,Lung Small Cell Carcinoma,"Prexasertib, Olaparib, Cisplatin",DRIVER
MYC,Overexpression,PREDICTIVE,D,SENSITIVITYRESPONSE,Multiple Myeloma,JQ-1,DRIVER
PDGFRA,Amplification,PREDICTIVE,D,SENSITIVITYRESPONSE,Lung Non-small Cell Carcinoma,Sunitinib,SURFACE
PDGFRA,D842I,PREDICTIVE,D,SENSITIVITYRESPONSE,Gastrointestinal Stromal Tumor,Crenolanib,SURFACE
PDGFRA,D842V,DIAGNOSTIC,B,NEGATIVE,Gastrointestinal Stromal Tumor,,SURFACE
PDGFRA,D842V,PREDICTIVE,B,RESISTANCE,Gastrointestinal Stromal Tumor,Imatinib,SURFACE
PDGFRA,D842V,PREDICTIVE,B,RESISTANCE,Gastrointestinal Stromal Tumor,Imatinib,SURFACE
PDGFRA,D842V,PREDICTIVE,D,SENSITIVITYRESPONSE,Gastrointestinal Stromal Tumor,Crenolanib,SURFACE
PDGFRA,D842V,PREDICTIVE,D,RESISTANCE,Gastrointestinal Stromal Tumor,Imatinib,SURFACE
PDGFRA,D842V,PREDICTIVE,D,RESISTANCE,Cancer,Imatinib,SURFACE
PDGFRA,D842V,PREDICTIVE,D,RESISTANCE,Cancer,Sunitinib,SURFACE
PDGFRA,D842V,PREDICTIVE,D,RESISTANCE,Cancer,Imatinib Mesylate,SURFACE
PDGFRA,D842V,PREDICTIVE,C,RESISTANCE,Gastrointestinal Stromal Tumor,Sunitinib,SURFACE
PDGFRA,D842V,PREDICTIVE,B,RESISTANCE,Gastrointestinal Stromal Tumor,Imatinib,SURFACE
PDGFRA,D842V,PREDICTIVE,C,RESISTANCE,Gastrointestinal Stromal Tumor,Imatinib,SURFACE
PDGFRA,D842Y,PREDICTIVE,D,SENSITIVITYRESPONSE,Gastrointestinal Stromal Tumor,Crenolanib,SURFACE
PDGFRA,D842_H845DELDIMH,PREDICTIVE,D,RESISTANCE,Cancer,Imatinib,SURFACE
PDGFRA,D842_I843delinsVM,PREDICTIVE,D,SENSITIVITYRESPONSE,Gastrointestinal Stromal Tumor,Crenolanib,SURFACE
PDGFRA,Exon 18 Mutation,PREDICTIVE,C,SENSITIVITYRESPONSE,Gastrointestinal Stromal Tumor,Imatinib,SURFACE
PDGFRA,G853D,PREDICTIVE,D,SENSITIVITYRESPONSE,Melanoma,"Crenolanib, Imatinib",SURFACE
PDGFRA,H845Y,PREDICTIVE,D,SENSITIVITYRESPONSE,Melanoma,"Crenolanib, Imatinib",SURFACE
PDGFRA,I843DEL,PREDICTIVE,D,SENSITIVITYRESPONSE,Gastrointestinal Stromal Tumor,Crenolanib,SURFACE
PDGFRA,I843DEL,PREDICTIVE,D,SENSITIVITYRESPONSE,Gastrointestinal Stromal Tumor,Imatinib,SURFACE
PDGFRA,Mutation,PREDICTIVE,C,SENSITIVITYRESPONSE,Gastrointestinal Stromal Tumor,Imatinib,SURFACE
PDGFRA,Overexpression,PREDICTIVE,D,SENSITIVITYRESPONSE,Rhabdomyosarcoma,Sunitinib,SURFACE
PDGFRA,P577S,PREDICTIVE,D,SENSITIVITYRESPONSE,Melanoma,"Crenolanib, Imatinib",SURFACE
PDGFRA,R841K,PREDICTIVE,D,SENSITIVITYRESPONSE,Melanoma,"Crenolanib, Imatinib",SURFACE
PDGFRA,V561A,PREDICTIVE,D,SENSITIVITYRESPONSE,Gastrointestinal Stromal Tumor,Imatinib,SURFACE
PDGFRA,V561D,PREDICTIVE,D,RESISTANCE,Cancer,Imatinib Mesylate,SURFACE
PDGFRA,V561D,PREDICTIVE,C,SENSITIVITYRESPONSE,Gastrointestinal Stromal Tumor,Imatinib,SURFACE
PDGFRA,V561D,PREDICTIVE,D,RESISTANCE,Cancer,Imatinib,SURFACE
PDGFRA,V561D,PREDICTIVE,D,RESISTANCE,Cancer,Sunitinib,SURFACE
PDGFRB,Overexpression,PREDICTIVE,C,SENSITIVITYRESPONSE,Dermatofibrosarcoma Protuberans,Sunitinib,SURFACE
PRKCB,D427N,DIAGNOSTIC,D,POSITIVE,Adult T-cell Leukemia/lymphoma,,MUT
PTEN,C136R,FUNCTIONAL,D,LOSS_OF_FUNCTION,,,DRIVER
PTEN,Deletion,PROGNOSTIC,B,POOR_OUTCOME,Prostate Adenocarcinoma,,DRIVER
PTEN,Deletion,PROGNOSTIC,B,POOR_OUTCOME,Prostate Cancer,,DRIVER
PTEN,Deletion,PREDICTIVE,B,SENSITIVITYRESPONSE,Prostate Cancer,Everolimus,DRIVER
PTEN,Expression,PREDICTIVE,B,SENSITIVITYRESPONSE,Glioblastoma,Epidermal Growth Factor Receptor Tyrosine Kinase Inhibitor,DRIVER
PTEN,Expression,PREDICTIVE,D,SENSITIVITYRESPONSE,Glioblastoma,Dacomitinib,DRIVER
PTEN,Expression,PREDICTIVE,B,SENSITIVITYRESPONSE,Glioblastoma,"Erlotinib, Gefitinib",DRIVER
PTEN,Expression,PREDICTIVE,B,SENSITIVITYRESPONSE,Breast Cancer,Trastuzumab,DRIVER
PTEN,Expression,PREDICTIVE,C,RESISTANCE,Her2-receptor Positive Breast Cancer,"Everolimus, Fulvestrant",DRIVER
PTEN,Loss,PREDICTIVE,B,RESISTANCE,Colorectal Cancer,Cetuximab,DRIVER
PTEN,Loss,PREDICTIVE,D,SENSITIVITYRESPONSE,Prostate Cancer,Temsirolimus,DRIVER
PTEN,Loss,PREDICTIVE,B,RESISTANCE,Bladder Carcinoma,Everolimus,DRIVER
PTEN,Loss,PREDICTIVE,D,SENSITIVITYRESPONSE,Melanoma,Uprosertib,DRIVER
PTEN,Loss,PREDICTIVE,D,RESISTANCE,Breast Cancer,Alpelisib,DRIVER
PTEN,Loss,PREDICTIVE,C,SENSITIVITYRESPONSE,Cancer,"Buparlisib, Carboplatin, Paclitaxel",DRIVER
PTEN,Loss,PREDICTIVE,D,SENSITIVITYRESPONSE,Breast Cancer,PI3Kbeta Inhibitor AZD8186,DRIVER
PTEN,Loss,PREDICTIVE,B,RESISTANCE,Endometrial Cancer,"Temsirolimus, Ridaforolimus",DRIVER
PTEN,Loss,PREDICTIVE,B,RESISTANCE,Gastric Adenocarcinoma,"Trastuzumab, Lapatinib",DRIVER
PTEN,Loss,PREDICTIVE,C,SENSITIVITYRESPONSE,Pancreatic Carcinoma,Akt Inhibitor MK2206,DRIVER
PTEN,Loss,PREDICTIVE,D,SENSITIVITYRESPONSE,Breast Cancer,"Everolimus, MTOR Kinase Inhibitor PP242",DRIVER
PTEN,Loss,PREDICTIVE,D,SENSITIVITYRESPONSE,Endometrial Cancer,Temsirolimus,DRIVER
PTEN,Loss,PREDICTIVE,B,SENSITIVITYRESPONSE,Her2-receptor Positive Breast Cancer,Everolimus,DRIVER
PTEN,Loss,PREDICTIVE,D,SENSITIVITYRESPONSE,Stomach Cancer,"Capivasertib, Docetaxel",DRIVER
PTEN,Loss,PREDICTIVE,B,RESISTANCE,Her2-receptor Positive Breast Cancer,Trastuzumab,DRIVER
PTEN,Loss,PREDICTIVE,B,RESISTANCE,Her2-receptor Positive Breast Cancer,Trastuzumab,DRIVER
PTEN,Loss,PREDICTIVE,D,RESISTANCE,Ovarian Cancer,Cisplatin,DRIVER
PTEN,Loss,PREDICTIVE,B,RESISTANCE,Stomach Carcinoma,Chemotherapy,DRIVER
PTEN,Loss,PREDICTIVE,D,SENSITIVITYRESPONSE,Her2-receptor Positive Breast Cancer,"Trastuzumab, PI3K/BET Inhibitor LY294002",DRIVER
PTEN,Loss,PREDICTIVE,D,SENSITIVITYRESPONSE,Cancer,Capivasertib,DRIVER
PTEN,Loss,PREDICTIVE,D,SENSITIVITYRESPONSE,Her2-receptor Positive Breast Cancer,Pictilisib,DRIVER
PTEN,Loss,PREDICTIVE,B,RESISTANCE,Breast Cancer,Trastuzumab,DRIVER
PTEN,Loss,PREDICTIVE,B,RESISTANCE,Her2-receptor Positive Breast Cancer,Trastuzumab,DRIVER
PTEN,Loss,PREDICTIVE,B,SENSITIVITYRESPONSE,Cancer,Everolimus,DRIVER
PTEN,Loss,PREDICTIVE,D,RESISTANCE,Stomach Cancer,Docetaxel,DRIVER
PTEN,Loss,PREDICTIVE,B,RESISTANCE,Colorectal Cancer,"Cetuximab, Panitumumab",DRIVER
PTEN,Loss,PREDICTIVE,D,RESISTANCE,Her2-receptor Positive Breast Cancer,PI3Ka/Di,DRIVER
PTEN,Loss,PREDICTIVE,D,SENSITIVITYRESPONSE,Her2-receptor Positive Breast Cancer,PI-103,DRIVER
PTEN,Loss,PREDICTIVE,B,SENSITIVITYRESPONSE,Solid Tumor,"Buparlisib, Carboplatin, Paclitaxel",DRIVER
PTEN,Loss,PREDICTIVE,D,RESISTANCE,Her2-receptor Positive Breast Cancer,Lapatinib,DRIVER
PTEN,Loss,PREDICTIVE,D,RESISTANCE,Her2-receptor Positive Breast Cancer,Trastuzumab,DRIVER
PTEN,Loss,PREDICTIVE,D,RESISTANCE,Melanoma,Vemurafenib,DRIVER
PTEN,Loss,PREDICTIVE,D,RESISTANCE,Her2-receptor Positive Breast Cancer,Trastuzumab,DRIVER
PTEN,Loss,PREDICTIVE,D,RESISTANCE,Her2-receptor Positive Breast Cancer,"Trastuzumab, Dactolisib",DRIVER
PTEN,Loss,PREDICTIVE,B,RESISTANCE,Her2-receptor Positive Breast Cancer,Trastuzumab Emtansine,DRIVER
PTEN,Loss,PREDICTIVE,D,RESISTANCE,Her2-receptor Positive Breast Cancer,"Lapatinib, Dactolisib",DRIVER
PTEN,Loss,PREDICTIVE,D,SENSITIVITYRESPONSE,Breast Cancer,Pictilisib,DRIVER
PTEN,Loss,PREDICTIVE,B,RESISTANCE,Breast Cancer,Trastuzumab,DRIVER
PTEN,Mutation,PREDICTIVE,B,SENSITIVITYRESPONSE,Endometrial Carcinoma,Everolimus,DRIVER
PTEN,Mutation,PREDICTIVE,D,RESISTANCE,Head And Neck Squamous Cell Carcinoma,Taselisib,DRIVER
PTEN,Mutation,PREDICTIVE,D,SENSITIVITYRESPONSE,Head And Neck Cancer,"Tanespimycin, Pictilisib",DRIVER
PTEN,Mutation,PREDICTIVE,D,SENSITIVITYRESPONSE,Cancer,Ipatasertib,DRIVER
PTEN,Mutation,DIAGNOSTIC,C,POSITIVE,Glioblastoma,,DRIVER
PTEN,Mutation,PREDICTIVE,D,SENSITIVITYRESPONSE,Prostate Adenocarcinoma,"PI3Kbeta Inhibitor AZD8186, Enzalutamide, Alpelisib",DRIVER
PTEN,R130*,PREDICTIVE,D,SENSITIVITYRESPONSE,Thyroid Cancer,"Perifosine, Temsirolimus",DRIVER
PTEN,R173C,ONCOGENIC,C,ONCOGENICITY,Endometrial Hyperplasia,,DRIVER
PTEN,R173C,PREDISPOSING,C,PREDISPOSITION,Obsolete PTEN Hamartoma Tumor Syndrome,,DRIVER
PTEN,R173C,PREDISPOSING,D,UNCERTAIN_SIGNIFICANCE,Cancer,,DRIVER
PTEN,R233*,PREDICTIVE,D,SENSITIVITYRESPONSE,Breast Cancer,MTOR Inhibitor,DRIVER
PTEN,R233*,PROGNOSTIC,B,POOR_OUTCOME,Glioblastoma,,DRIVER
PTEN,V317FS,PREDICTIVE,D,SENSITIVITYRESPONSE,Skin Melanoma,"Akt Inhibitor MK2206, MEK Inhibitor CI-1040",DRIVER
PTPRD,Mutation,PREDICTIVE,D,SENSITIVITYRESPONSE,Head And Neck Carcinoma,JSI-124,SURFACE
PTPRD,V253I,PREDICTIVE,C,SENSITIVITYRESPONSE,Ewing Sarcoma Of Bone,"Cixutumumab, Teprotumumab",SURFACE
RB1,EXPRESSION,PROGNOSTIC,B,POOR_OUTCOME,Lung Non-small Cell Carcinoma,,DRIVER
RB1,Loss-of-function,PREDICTIVE,D,RESISTANCE,Glioblastoma,Palbociclib,DRIVER
RB1,Loss-of-function,PREDICTIVE,D,RESISTANCE,Breast Cancer,Palbociclib,DRIVER
RB1,M695FS*26,PREDICTIVE,D,RESISTANCE,Estrogen-receptor Positive Breast Cancer,Palbociclib,DRIVER
RB1,Mutation,PREDICTIVE,B,SENSITIVITYRESPONSE,Lung Small Cell Carcinoma,Chemotherapy,DRIVER
RB1,Overexpression,PREDICTIVE,D,RESISTANCE,Pancreatic Adenocarcinoma,"Mitomycin, Gemcitabine, Doxorubicin, Fluorouracil",DRIVER
RB1,PHOSPHORYLATION,PREDICTIVE,B,RESISTANCE,Breast Cancer,Alpelisib,DRIVER
RHOA,MUTATION,PROGNOSTIC,E,POOR_OUTCOME,Stomach Carcinoma,,SURFACE
SF3B1,K666N,PREDICTIVE,D,SENSITIVITYRESPONSE,Breast Cancer,Spliceostatin A,SURFACE
SF3B1,K700E,PREDICTIVE,D,SENSITIVITYRESPONSE,Breast Cancer,Spliceostatin A,SURFACE
SF3B1,K700E,PREDICTIVE,D,SENSITIVITYRESPONSE,Leukemia,"Olaparib, Etoposide",SURFACE
SF3B1,Mutation,PROGNOSTIC,B,BETTER_OUTCOME,Myelodysplastic Syndrome,,SURFACE
SF3B1,Mutation,PROGNOSTIC,B,POOR_OUTCOME,Chronic Lymphocytic Leukemia,,SURFACE
SF3B1,Mutation,PROGNOSTIC,B,POOR_OUTCOME,Chronic Lymphocytic Leukemia,,SURFACE
SF3B1,Mutation,PROGNOSTIC,B,POOR_OUTCOME,Chronic Lymphocytic Leukemia,,SURFACE
SF3B1,Mutation,PROGNOSTIC,A,POOR_OUTCOME,Chronic Lymphocytic Leukemia,,SURFACE
TP53,A161T,FUNCTIONAL,D,LOSS_OF_FUNCTION,,,DRIVER
TP53,A276V,FUNCTIONAL,D,DOMINANT_NEGATIVE,,,DRIVER
TP53,ALTERATION,PREDICTIVE,B,RESISTANCE,Ovarian Cancer,"Carboplatin, Cisplatin",DRIVER
TP53,ALTERATION,PROGNOSTIC,B,POOR_OUTCOME,Ovarian Cancer,,DRIVER
TP53,ALTERATION,PROGNOSTIC,B,POOR_OUTCOME,Rhabdomyosarcoma,,DRIVER
TP53,C124R,FUNCTIONAL,D,DOMINANT_NEGATIVE,,,DRIVER
TP53,C135W,FUNCTIONAL,D,DOMINANT_NEGATIVE,,,DRIVER
TP53,C238Y,PROGNOSTIC,E,POOR_OUTCOME,Breast Cancer,,DRIVER
TP53,C238Y,FUNCTIONAL,D,DOMINANT_NEGATIVE,,,DRIVER
TP53,C242F,FUNCTIONAL,D,LOSS_OF_FUNCTION,,,DRIVER
TP53,C242S,FUNCTIONAL,D,LOSS_OF_FUNCTION,,,DRIVER
TP53,C242Y,FUNCTIONAL,D,LOSS_OF_FUNCTION,,,DRIVER
TP53,C242Y,FUNCTIONAL,D,DOMINANT_NEGATIVE,,,DRIVER
TP53,CONSERVED DOMAIN MUT,PROGNOSTIC,B,POOR_OUTCOME,Ovarian Cancer,,DRIVER
TP53,D259V,FUNCTIONAL,D,DOMINANT_NEGATIVE,,,DRIVER
TP53,D281E,FUNCTIONAL,D,DOMINANT_NEGATIVE,,,DRIVER
TP53,D281N,FUNCTIONAL,D,DOMINANT_NEGATIVE,,,DRIVER
TP53,DNA Binding Domain Mutation,PROGNOSTIC,B,POOR_OUTCOME,Oral Squamous Cell Carcinoma,,DRIVER
TP53,DNA Binding Domain Mutation,PREDICTIVE,B,RESISTANCE,Breast Cancer,Tamoxifen,DRIVER
TP53,Deleterious Mutation,PROGNOSTIC,B,POOR_OUTCOME,Lung Non-small Cell Carcinoma,,DRIVER
TP53,Deleterious Mutation,PREDICTIVE,B,SENSITIVITYRESPONSE,Lung Non-small Cell Carcinoma,Adjuvant Chemotherapy,DRIVER
TP53,Deleterious Mutation,PREDICTIVE,D,RESISTANCE,Cancer,Rebemadlin,DRIVER
TP53,Deleterious Mutation,PREDICTIVE,B,RESISTANCE,Leukemia,RG7112,DRIVER
TP53,Deleterious Mutation,PREDICTIVE,D,RESISTANCE,Cancer,MDM2 Inhibitor AMGMDS3,DRIVER
TP53,Deleterious Mutation,PROGNOSTIC,B,POOR_OUTCOME,Head And Neck Squamous Cell Carcinoma,,DRIVER
TP53,Deleterious Mutation,PREDICTIVE,B,SENSITIVITYRESPONSE,Sarcoma,Pazopanib,DRIVER
TP53,E224K,FUNCTIONAL,D,DOMINANT_NEGATIVE,,,DRIVER
TP53,E258K,FUNCTIONAL,D,DOMINANT_NEGATIVE,,,DRIVER
TP53,E285K,FUNCTIONAL,D,UNALTERED_FUNCTION,,,DRIVER
TP53,E286K,FUNCTIONAL,D,DOMINANT_NEGATIVE,,,DRIVER
TP53,E68G,FUNCTIONAL,D,DOMINANT_NEGATIVE,,,DRIVER
TP53,F270S,FUNCTIONAL,D,DOMINANT_NEGATIVE,,,DRIVER
TP53,G154S,FUNCTIONAL,D,LOSS_OF_FUNCTION,,,DRIVER
TP53,G244S,FUNCTIONAL,D,DOMINANT_NEGATIVE,,,DRIVER
TP53,G245D,FUNCTIONAL,D,DOMINANT_NEGATIVE,,,DRIVER
TP53,G245S,PREDICTIVE,D,RESISTANCE,Cancer,MDM2 Inhibitor AMGMDS3,DRIVER
TP53,G245S,FUNCTIONAL,D,DOMINANT_NEGATIVE,,,DRIVER
TP53,G245S,FUNCTIONAL,D,DOMINANT_NEGATIVE,,,DRIVER
TP53,G245S,FUNCTIONAL,D,DOMINANT_NEGATIVE,,,DRIVER
TP53,G262D,FUNCTIONAL,D,DOMINANT_NEGATIVE,,,DRIVER
TP53,G266E,FUNCTIONAL,D,DOMINANT_NEGATIVE,,,DRIVER
TP53,G266E,FUNCTIONAL,D,DOMINANT_NEGATIVE,,,DRIVER
TP53,G266R,FUNCTIONAL,D,DOMINANT_NEGATIVE,,,DRIVER
TP53,G266V,FUNCTIONAL,D,DOMINANT_NEGATIVE,,,DRIVER
TP53,G279E,FUNCTIONAL,D,DOMINANT_NEGATIVE,,,DRIVER
TP53,H115Y,FUNCTIONAL,D,DOMINANT_NEGATIVE,,,DRIVER
TP53,H168Y,FUNCTIONAL,D,DOMINANT_NEGATIVE,,,DRIVER
TP53,H178P,FUNCTIONAL,D,DOMINANT_NEGATIVE,,,DRIVER
TP53,H179R,FUNCTIONAL,D,DOMINANT_NEGATIVE,,,DRIVER
TP53,H179Y,FUNCTIONAL,D,DOMINANT_NEGATIVE,,,DRIVER
TP53,I162F,FUNCTIONAL,D,DOMINANT_NEGATIVE,,,DRIVER
TP53,K139E,FUNCTIONAL,D,DOMINANT_NEGATIVE,,,DRIVER
